station_id,station_name,hour,transfer_station,trains_stopping,expected_boardings,expected_alightings,feeder_requests,congestion_label,feeder_label
A01,Chandni Chowk,6,0,10,0,0,0,0,0
A01,Chandni Chowk,7,0,10,0,0,0,0,0
A01,Chandni Chowk,8,0,10,0,0,0,0,0
A01,Chandni Chowk,9,0,10,0,0,0,0,0
A01,Chandni Chowk,10,0,10,0,0,0,0,0
A01,Chandni Chowk,11,0,10,0,0,0,0,0
A01,Chandni Chowk,12,0,10,0,0,0,0,0
A01,Chandni Chowk,13,0,10,0,0,0,0,0
A01,Chandni Chowk,14,0,1,0,0,0,0,0
A01,Chandni Chowk,15,0,0,0,0,0,0,0
A02,Kothrud Bus Depot,6,0,10,0,0,0,0,0
A02,Kothrud Bus Depot,7,0,10,0,0,0,0,0
A02,Kothrud Bus Depot,8,0,10,0,0,0,0,0
A02,Kothrud Bus Depot,9,0,10,0,0,0,0,0
A02,Kothrud Bus Depot,10,0,10,0,0,0,0,0
A02,Kothrud Bus Depot,11,0,10,0,0,0,0,0
A02,Kothrud Bus Depot,12,0,10,0,0,0,0,0
A02,Kothrud Bus Depot,13,0,10,0,0,0,0,0
A02,Kothrud Bus Depot,14,0,1,0,0,0,0,0
A02,Kothrud Bus Depot,15,0,0,0,0,0,0,0
A02,Kothrud Bus Depot,6,0,10,0,0,0,0,0
A02,Kothrud Bus Depot,7,0,10,0,0,0,0,0
A02,Kothrud Bus Depot,8,0,10,0,0,0,0,0
A02,Kothrud Bus Depot,9,0,10,0,0,0,0,0
A02,Kothrud Bus Depot,10,0,10,0,0,0,0,0
A02,Kothrud Bus Depot,11,0,10,0,0,0,0,0
A02,Kothrud Bus Depot,12,0,10,0,0,0,0,0
A02,Kothrud Bus Depot,13,0,10,0,0,0,0,0
A02,Kothrud Bus Depot,14,0,1,0,0,0,0,0
A02,Kothrud Bus Depot,15,0,0,0,0,0,0,0
A03,Vanaz,6,0,9,0,0,0,0,0
A03,Vanaz,7,0,10,0,0,0,0,0
A03,Vanaz,8,0,10,0,0,0,0,0
A03,Vanaz,9,0,10,0,10,10,2,3
A03,Vanaz,10,0,10,0,0,0,0,0
A03,Vanaz,11,0,10,0,0,0,0,0
A03,Vanaz,12,0,10,0,0,0,0,0
A03,Vanaz,13,0,10,0,0,0,0,0
A03,Vanaz,14,0,2,0,0,0,0,0
A03,Vanaz,15,0,0,0,0,0,0,0
A03,Vanaz,6,0,9,0,0,0,0,0
A03,Vanaz,7,0,10,0,0,0,0,0
A03,Vanaz,8,0,10,0,0,0,0,0
A03,Vanaz,9,0,10,0,10,10,2,3
A03,Vanaz,10,0,10,0,0,0,0,0
A03,Vanaz,11,0,10,0,0,0,0,0
A03,Vanaz,12,0,10,0,0,0,0,0
A03,Vanaz,13,0,10,0,0,0,0,0
A03,Vanaz,14,0,2,0,0,0,0,0
A03,Vanaz,15,0,0,0,0,0,0,0
A04,Anand Nagar,6,0,9,0,0,0,0,0
A04,Anand Nagar,7,0,10,0,0,0,0,0
A04,Anand Nagar,8,0,10,0,0,0,0,0
A04,Anand Nagar,9,0,10,0,2,2,1,2
A04,Anand Nagar,10,0,10,0,0,0,0,0
A04,Anand Nagar,11,0,10,0,0,0,0,0
A04,Anand Nagar,12,0,10,0,0,0,0,0
A04,Anand Nagar,13,0,10,0,0,0,0,0
A04,Anand Nagar,14,0,2,0,0,0,0,0
A04,Anand Nagar,15,0,0,0,0,0,0,0
A04,Anand Nagar,6,0,9,0,0,0,0,0
A04,Anand Nagar,7,0,10,0,0,0,0,0
A04,Anand Nagar,8,0,10,0,0,0,0,0
A04,Anand Nagar,9,0,10,0,2,2,1,2
A04,Anand Nagar,10,0,10,0,0,0,0,0
A04,Anand Nagar,11,0,10,0,0,0,0,0
A04,Anand Nagar,12,0,10,0,0,0,0,0
A04,Anand Nagar,13,0,10,0,0,0,0,0
A04,Anand Nagar,14,0,2,0,0,0,0,0
A04,Anand Nagar,15,0,0,0,0,0,0,0
A05,Ideal Colony,6,0,8,0,0,0,0,0
A05,Ideal Colony,7,0,10,0,0,0,0,0
A05,Ideal Colony,8,0,10,0,0,0,0,0
A05,Ideal Colony,9,0,10,0,2,2,1,2
A05,Ideal Colony,10,0,10,0,0,0,0,0
A05,Ideal Colony,11,0,10,0,0,0,0,0
A05,Ideal Colony,12,0,10,0,0,0,0,0
A05,Ideal Colony,13,0,10,0,0,0,0,0
A05,Ideal Colony,14,0,3,0,0,0,0,0
A05,Ideal Colony,15,0,0,0,0,0,0,0
A05,Ideal Colony,6,0,8,0,0,0,0,0
A05,Ideal Colony,7,0,10,0,0,0,0,0
A05,Ideal Colony,8,0,10,0,0,0,0,0
A05,Ideal Colony,9,0,10,0,2,2,1,2
A05,Ideal Colony,10,0,10,0,0,0,0,0
A05,Ideal Colony,11,0,10,0,0,0,0,0
A05,Ideal Colony,12,0,10,0,0,0,0,0
A05,Ideal Colony,13,0,10,0,0,0,0,0
A05,Ideal Colony,14,0,3,0,0,0,0,0
A05,Ideal Colony,15,0,0,0,0,0,0,0
A06,Nal Stop,6,0,8,0,0,0,0,0
A06,Nal Stop,7,0,10,0,0,0,0,0
A06,Nal Stop,8,0,10,0,0,0,0,0
A06,Nal Stop,9,0,10,0,0,0,0,0
A06,Nal Stop,10,0,10,0,0,0,0,0
A06,Nal Stop,11,0,10,0,0,0,0,0
A06,Nal Stop,12,0,10,0,0,0,0,0
A06,Nal Stop,13,0,10,0,0,0,0,0
A06,Nal Stop,14,0,3,0,0,0,0,0
A06,Nal Stop,15,0,0,0,0,0,0,0
A06,Nal Stop,6,0,8,0,0,0,0,0
A06,Nal Stop,7,0,10,0,0,0,0,0
A06,Nal Stop,8,0,10,0,0,0,0,0
A06,Nal Stop,9,0,10,0,0,0,0,0
A06,Nal Stop,10,0,10,0,0,0,0,0
A06,Nal Stop,11,0,10,0,0,0,0,0
A06,Nal Stop,12,0,10,0,0,0,0,0
A06,Nal Stop,13,0,10,0,0,0,0,0
A06,Nal Stop,14,0,3,0,0,0,0,0
A06,Nal Stop,15,0,0,0,0,0,0,0
A07,Garware College,6,0,7,0,0,0,0,0
A07,Garware College,7,0,10,0,0,0,0,0
A07,Garware College,8,0,10,0,0,0,0,0
A07,Garware College,9,0,10,0,0,0,0,0
A07,Garware College,10,0,10,0,0,0,0,0
A07,Garware College,11,0,10,0,0,0,0,0
A07,Garware College,12,0,10,0,0,0,0,0
A07,Garware College,13,0,10,0,0,0,0,0
A07,Garware College,14,0,4,0,0,0,0,0
A07,Garware College,15,0,0,0,0,0,0,0
A07,Garware College,6,0,7,0,0,0,0,0
A07,Garware College,7,0,10,0,0,0,0,0
A07,Garware College,8,0,10,0,0,0,0,0
A07,Garware College,9,0,10,0,0,0,0,0
A07,Garware College,10,0,10,0,0,0,0,0
A07,Garware College,11,0,10,0,0,0,0,0
A07,Garware College,12,0,10,0,0,0,0,0
A07,Garware College,13,0,10,0,0,0,0,0
A07,Garware College,14,0,4,0,0,0,0,0
A07,Garware College,15,0,0,0,0,0,0,0
A08,Deccan Gymkhana,6,0,7,0,0,0,0,0
A08,Deccan Gymkhana,7,0,10,0,0,0,0,0
A08,Deccan Gymkhana,8,0,10,0,0,0,0,0
A08,Deccan Gymkhana,9,0,10,0,4,3,1,3
A08,Deccan Gymkhana,10,0,10,0,0,0,0,0
A08,Deccan Gymkhana,11,0,10,0,0,0,0,0
A08,Deccan Gymkhana,12,0,10,0,0,0,0,0
A08,Deccan Gymkhana,13,0,10,0,0,0,0,0
A08,Deccan Gymkhana,14,0,4,0,0,0,0,0
A08,Deccan Gymkhana,15,0,0,0,0,0,0,0
A08,Deccan Gymkhana,6,0,7,0,0,0,0,0
A08,Deccan Gymkhana,7,0,10,0,0,0,0,0
A08,Deccan Gymkhana,8,0,10,0,0,0,0,0
A08,Deccan Gymkhana,9,0,10,0,4,3,1,3
A08,Deccan Gymkhana,10,0,10,0,0,0,0,0
A08,Deccan Gymkhana,11,0,10,0,0,0,0,0
A08,Deccan Gymkhana,12,0,10,0,0,0,0,0
A08,Deccan Gymkhana,13,0,10,0,0,0,0,0
A08,Deccan Gymkhana,14,0,4,0,0,0,0,0
A08,Deccan Gymkhana,15,0,0,0,0,0,0,0
A09,Chhatrapati Sambhaji Udyan,6,0,6,0,0,0,0,0
A09,Chhatrapati Sambhaji Udyan,7,0,10,0,0,0,0,0
A09,Chhatrapati Sambhaji Udyan,8,0,10,0,0,0,0,0
A09,Chhatrapati Sambhaji Udyan,9,0,10,0,0,0,0,0
A09,Chhatrapati Sambhaji Udyan,10,0,10,0,0,0,0,0
A09,Chhatrapati Sambhaji Udyan,11,0,10,0,0,0,0,0
A09,Chhatrapati Sambhaji Udyan,12,0,10,0,0,0,0,0
A09,Chhatrapati Sambhaji Udyan,13,0,10,0,0,0,0,0
A09,Chhatrapati Sambhaji Udyan,14,0,5,0,0,0,0,0
A09,Chhatrapati Sambhaji Udyan,15,0,0,0,0,0,0,0
A09,Chhatrapati Sambhaji Udyan,6,0,6,0,0,0,0,0
A09,Chhatrapati Sambhaji Udyan,7,0,10,0,0,0,0,0
A09,Chhatrapati Sambhaji Udyan,8,0,10,0,0,0,0,0
A09,Chhatrapati Sambhaji Udyan,9,0,10,0,0,0,0,0
A09,Chhatrapati Sambhaji Udyan,10,0,10,0,0,0,0,0
A09,Chhatrapati Sambhaji Udyan,11,0,10,0,0,0,0,0
A09,Chhatrapati Sambhaji Udyan,12,0,10,0,0,0,0,0
A09,Chhatrapati Sambhaji Udyan,13,0,10,0,0,0,0,0
A09,Chhatrapati Sambhaji Udyan,14,0,5,0,0,0,0,0
A09,Chhatrapati Sambhaji Udyan,15,0,0,0,0,0,0,0
A10,PMC Bhavan,6,0,6,0,0,0,0,0
A10,PMC Bhavan,7,0,10,0,0,0,0,0
A10,PMC Bhavan,8,0,10,0,0,0,0,0
A10,PMC Bhavan,9,0,10,0,0,0,0,0
A10,PMC Bhavan,10,0,10,0,0,0,0,0
A10,PMC Bhavan,11,0,10,0,0,0,0,0
A10,PMC Bhavan,12,0,10,0,0,0,0,0
A10,PMC Bhavan,13,0,10,0,0,0,0,0
A10,PMC Bhavan,14,0,5,0,0,0,0,0
A10,PMC Bhavan,15,0,0,0,0,0,0,0
A10,PMC Bhavan,6,0,6,0,0,0,0,0
A10,PMC Bhavan,7,0,10,0,0,0,0,0
A10,PMC Bhavan,8,0,10,0,0,0,0,0
A10,PMC Bhavan,9,0,10,0,0,0,0,0
A10,PMC Bhavan,10,0,10,0,0,0,0,0
A10,PMC Bhavan,11,0,10,0,0,0,0,0
A10,PMC Bhavan,12,0,10,0,0,0,0,0
A10,PMC Bhavan,13,0,10,0,0,0,0,0
A10,PMC Bhavan,14,0,5,0,0,0,0,0
A10,PMC Bhavan,15,0,0,0,0,0,0,0
A11,District Court (Civil Court),6,1,0,0,0,0,0,0
A11,District Court (Civil Court),7,1,0,0,0,0,0,0
A11,District Court (Civil Court),8,1,0,7,0,0,2,0
A11,District Court (Civil Court),9,1,0,1,1,0,1,0
A11,District Court (Civil Court),10,1,0,0,1,0,0,0
A11,District Court (Civil Court),11,1,0,0,0,0,0,0
A11,District Court (Civil Court),12,1,0,0,0,0,0,0
A11,District Court (Civil Court),13,1,0,0,0,0,0,0
A11,District Court (Civil Court),14,1,0,0,0,0,0,0
A11,District Court (Civil Court),15,1,0,0,0,0,0,0
A11,District Court (Civil Court),6,1,0,0,0,0,0,0
A11,District Court (Civil Court),7,1,0,0,0,0,0,0
A11,District Court (Civil Court),8,1,0,7,0,0,2,0
A11,District Court (Civil Court),9,1,0,1,1,0,1,0
A11,District Court (Civil Court),10,1,0,0,1,0,0,0
A11,District Court (Civil Court),11,1,0,0,0,0,0,0
A11,District Court (Civil Court),12,1,0,0,0,0,0,0
A11,District Court (Civil Court),13,1,0,0,0,0,0,0
A11,District Court (Civil Court),14,1,0,0,0,0,0,0
A11,District Court (Civil Court),15,1,0,0,0,0,0,0
A11,District Court (Civil Court),6,1,0,0,0,0,0,0
A11,District Court (Civil Court),7,1,0,0,0,0,0,0
A11,District Court (Civil Court),8,1,0,7,0,0,2,0
A11,District Court (Civil Court),9,1,0,1,1,0,1,0
A11,District Court (Civil Court),10,1,0,0,1,0,0,0
A11,District Court (Civil Court),11,1,0,0,0,0,0,0
A11,District Court (Civil Court),12,1,0,0,0,0,0,0
A11,District Court (Civil Court),13,1,0,0,0,0,0,0
A11,District Court (Civil Court),14,1,0,0,0,0,0,0
A11,District Court (Civil Court),15,1,0,0,0,0,0,0
A12,Mangalwar Peth,6,0,5,0,0,0,0,0
A12,Mangalwar Peth,7,0,10,0,0,0,0,0
A12,Mangalwar Peth,8,0,10,0,0,0,0,0
A12,Mangalwar Peth,9,0,10,0,0,0,0,0
A12,Mangalwar Peth,10,0,10,0,0,0,0,0
A12,Mangalwar Peth,11,0,10,0,0,0,0,0
A12,Mangalwar Peth,12,0,10,0,0,0,0,0
A12,Mangalwar Peth,13,0,10,0,0,0,0,0
A12,Mangalwar Peth,14,0,6,0,0,0,0,0
A12,Mangalwar Peth,15,0,0,0,0,0,0,0
A12,Mangalwar Peth,6,0,5,0,0,0,0,0
A12,Mangalwar Peth,7,0,10,0,0,0,0,0
A12,Mangalwar Peth,8,0,10,0,0,0,0,0
A12,Mangalwar Peth,9,0,10,0,0,0,0,0
A12,Mangalwar Peth,10,0,10,0,0,0,0,0
A12,Mangalwar Peth,11,0,10,0,0,0,0,0
A12,Mangalwar Peth,12,0,10,0,0,0,0,0
A12,Mangalwar Peth,13,0,10,0,0,0,0,0
A12,Mangalwar Peth,14,0,6,0,0,0,0,0
A12,Mangalwar Peth,15,0,0,0,0,0,0,0
A13,Pune Railway Station,6,0,4,0,0,0,0,0
A13,Pune Railway Station,7,0,10,0,0,0,0,0
A13,Pune Railway Station,8,0,10,0,0,0,0,0
A13,Pune Railway Station,9,0,10,0,0,0,0,0
A13,Pune Railway Station,10,0,10,0,0,0,0,0
A13,Pune Railway Station,11,0,10,0,0,0,0,0
A13,Pune Railway Station,12,0,10,0,0,0,0,0
A13,Pune Railway Station,13,0,10,0,0,0,0,0
A13,Pune Railway Station,14,0,7,0,0,0,0,0
A13,Pune Railway Station,15,0,0,0,0,0,0,0
A13,Pune Railway Station,6,0,4,0,0,0,0,0
A13,Pune Railway Station,7,0,10,0,0,0,0,0
A13,Pune Railway Station,8,0,10,0,0,0,0,0
A13,Pune Railway Station,9,0,10,0,0,0,0,0
A13,Pune Railway Station,10,0,10,0,0,0,0,0
A13,Pune Railway Station,11,0,10,0,0,0,0,0
A13,Pune Railway Station,12,0,10,0,0,0,0,0
A13,Pune Railway Station,13,0,10,0,0,0,0,0
A13,Pune Railway Station,14,0,7,0,0,0,0,0
A13,Pune Railway Station,15,0,0,0,0,0,0,0
A14,Ruby Hall Clinic,6,0,4,0,0,0,0,0
A14,Ruby Hall Clinic,7,0,10,0,0,0,0,0
A14,Ruby Hall Clinic,8,0,10,6,0,0,1,0
A14,Ruby Hall Clinic,9,0,10,2,3,3,2,3
A14,Ruby Hall Clinic,10,0,10,0,1,1,0,1
A14,Ruby Hall Clinic,11,0,10,0,0,0,0,0
A14,Ruby Hall Clinic,12,0,10,0,0,0,0,0
A14,Ruby Hall Clinic,13,0,10,0,0,0,0,0
A14,Ruby Hall Clinic,14,0,7,0,0,0,0,0
A14,Ruby Hall Clinic,15,0,0,0,0,0,0,0
A14,Ruby Hall Clinic,6,0,4,0,0,0,0,0
A14,Ruby Hall Clinic,7,0,10,0,0,0,0,0
A14,Ruby Hall Clinic,8,0,10,6,0,0,1,0
A14,Ruby Hall Clinic,9,0,10,2,3,3,2,3
A14,Ruby Hall Clinic,10,0,10,0,1,1,0,1
A14,Ruby Hall Clinic,11,0,10,0,0,0,0,0
A14,Ruby Hall Clinic,12,0,10,0,0,0,0,0
A14,Ruby Hall Clinic,13,0,10,0,0,0,0,0
A14,Ruby Hall Clinic,14,0,7,0,0,0,0,0
A14,Ruby Hall Clinic,15,0,0,0,0,0,0,0
A15,Bund Garden,6,0,3,0,0,0,0,0
A15,Bund Garden,7,0,10,0,0,0,0,0
A15,Bund Garden,8,0,10,2,0,0,0,0
A15,Bund Garden,9,0,10,2,0,0,0,0
A15,Bund Garden,10,0,10,0,0,0,0,0
A15,Bund Garden,11,0,10,0,0,0,0,0
A15,Bund Garden,12,0,10,0,0,0,0,0
A15,Bund Garden,13,0,10,0,0,0,0,0
A15,Bund Garden,14,0,8,0,0,0,0,0
A15,Bund Garden,15,0,0,0,0,0,0,0
A15,Bund Garden,6,0,3,0,0,0,0,0
A15,Bund Garden,7,0,10,0,0,0,0,0
A15,Bund Garden,8,0,10,2,0,0,0,0
A15,Bund Garden,9,0,10,2,0,0,0,0
A15,Bund Garden,10,0,10,0,0,0,0,0
A15,Bund Garden,11,0,10,0,0,0,0,0
A15,Bund Garden,12,0,10,0,0,0,0,0
A15,Bund Garden,13,0,10,0,0,0,0,0
A15,Bund Garden,14,0,8,0,0,0,0,0
A15,Bund Garden,15,0,0,0,0,0,0,0
A16,Yerwada,6,0,3,0,0,0,0,0
A16,Yerwada,7,0,10,0,0,0,0,0
A16,Yerwada,8,0,10,0,0,0,0,0
A16,Yerwada,9,0,10,0,0,0,0,0
A16,Yerwada,10,0,10,0,0,0,0,0
A16,Yerwada,11,0,10,0,0,0,0,0
A16,Yerwada,12,0,10,0,0,0,0,0
A16,Yerwada,13,0,10,0,0,0,0,0
A16,Yerwada,14,0,8,0,0,0,0,0
A16,Yerwada,15,0,0,0,0,0,0,0
A16,Yerwada,6,0,3,0,0,0,0,0
A16,Yerwada,7,0,10,0,0,0,0,0
A16,Yerwada,8,0,10,0,0,0,0,0
A16,Yerwada,9,0,10,0,0,0,0,0
A16,Yerwada,10,0,10,0,0,0,0,0
A16,Yerwada,11,0,10,0,0,0,0,0
A16,Yerwada,12,0,10,0,0,0,0,0
A16,Yerwada,13,0,10,0,0,0,0,0
A16,Yerwada,14,0,8,0,0,0,0,0
A16,Yerwada,15,0,0,0,0,0,0,0
A17,Kalyani Nagar,6,0,2,0,0,0,0,0
A17,Kalyani Nagar,7,0,10,0,0,0,0,0
A17,Kalyani Nagar,8,0,10,4,0,0,1,0
A17,Kalyani Nagar,9,0,10,2,0,0,0,0
A17,Kalyani Nagar,10,0,10,0,0,0,0,0
A17,Kalyani Nagar,11,0,10,0,0,0,0,0
A17,Kalyani Nagar,12,0,10,0,0,0,0,0
A17,Kalyani Nagar,13,0,10,0,0,0,0,0
A17,Kalyani Nagar,14,0,9,0,0,0,0,0
A17,Kalyani Nagar,15,0,0,0,0,0,0,0
A17,Kalyani Nagar,6,0,2,0,0,0,0,0
A17,Kalyani Nagar,7,0,10,0,0,0,0,0
A17,Kalyani Nagar,8,0,10,4,0,0,1,0
A17,Kalyani Nagar,9,0,10,2,0,0,0,0
A17,Kalyani Nagar,10,0,10,0,0,0,0,0
A17,Kalyani Nagar,11,0,10,0,0,0,0,0
A17,Kalyani Nagar,12,0,10,0,0,0,0,0
A17,Kalyani Nagar,13,0,10,0,0,0,0,0
A17,Kalyani Nagar,14,0,9,0,0,0,0,0
A17,Kalyani Nagar,15,0,0,0,0,0,0,0
A18,Ramwadi,6,0,2,0,0,0,0,0
A18,Ramwadi,7,0,10,0,0,0,0,0
A18,Ramwadi,8,0,10,1,0,0,0,0
A18,Ramwadi,9,0,10,1,0,0,0,0
A18,Ramwadi,10,0,10,0,0,0,0,0
A18,Ramwadi,11,0,10,0,0,0,0,0
A18,Ramwadi,12,0,10,0,0,0,0,0
A18,Ramwadi,13,0,10,0,0,0,0,0
A18,Ramwadi,14,0,9,0,0,0,0,0
A18,Ramwadi,15,0,0,0,0,0,0,0
A18,Ramwadi,6,0,2,0,0,0,0,0
A18,Ramwadi,7,0,10,0,0,0,0,0
A18,Ramwadi,8,0,10,1,0,0,0,0
A18,Ramwadi,9,0,10,1,0,0,0,0
A18,Ramwadi,10,0,10,0,0,0,0,0
A18,Ramwadi,11,0,10,0,0,0,0,0
A18,Ramwadi,12,0,10,0,0,0,0,0
A18,Ramwadi,13,0,10,0,0,0,0,0
A18,Ramwadi,14,0,9,0,0,0,0,0
A18,Ramwadi,15,0,0,0,0,0,0,0
A19,Viman Nagar,6,0,1,0,0,0,0,0
A19,Viman Nagar,7,0,10,0,0,0,0,0
A19,Viman Nagar,8,0,10,0,0,0,0,0
A19,Viman Nagar,9,0,10,0,0,0,0,0
A19,Viman Nagar,10,0,10,0,0,0,0,0
A19,Viman Nagar,11,0,10,0,0,0,0,0
A19,Viman Nagar,12,0,10,0,0,0,0,0
A19,Viman Nagar,13,0,10,0,0,0,0,0
A19,Viman Nagar,14,0,10,0,0,0,0,0
A19,Viman Nagar,15,0,0,0,0,0,0,0
A19,Viman Nagar,6,0,1,0,0,0,0,0
A19,Viman Nagar,7,0,10,0,0,0,0,0
A19,Viman Nagar,8,0,10,0,0,0,0,0
A19,Viman Nagar,9,0,10,0,0,0,0,0
A19,Viman Nagar,10,0,10,0,0,0,0,0
A19,Viman Nagar,11,0,10,0,0,0,0,0
A19,Viman Nagar,12,0,10,0,0,0,0,0
A19,Viman Nagar,13,0,10,0,0,0,0,0
A19,Viman Nagar,14,0,10,0,0,0,0,0
A19,Viman Nagar,15,0,0,0,0,0,0,0
A20,Somnath Nagar,6,0,1,0,0,0,0,0
A20,Somnath Nagar,7,0,10,0,0,0,0,0
A20,Somnath Nagar,8,0,10,0,0,0,0,0
A20,Somnath Nagar,9,0,10,0,0,0,0,0
A20,Somnath Nagar,10,0,10,0,0,0,0,0
A20,Somnath Nagar,11,0,10,0,0,0,0,0
A20,Somnath Nagar,12,0,10,0,0,0,0,0
A20,Somnath Nagar,13,0,10,0,0,0,0,0
A20,Somnath Nagar,14,0,10,0,0,0,0,0
A20,Somnath Nagar,15,0,0,0,0,0,0,0
A20,Somnath Nagar,6,0,1,0,0,0,0,0
A20,Somnath Nagar,7,0,10,0,0,0,0,0
A20,Somnath Nagar,8,0,10,0,0,0,0,0
A20,Somnath Nagar,9,0,10,0,0,0,0,0
A20,Somnath Nagar,10,0,10,0,0,0,0,0
A20,Somnath Nagar,11,0,10,0,0,0,0,0
A20,Somnath Nagar,12,0,10,0,0,0,0,0
A20,Somnath Nagar,13,0,10,0,0,0,0,0
A20,Somnath Nagar,14,0,10,0,0,0,0,0
A20,Somnath Nagar,15,0,0,0,0,0,0,0
A21,Kharadi Bypass,6,0,0,0,0,0,0,0
A21,Kharadi Bypass,7,0,10,0,0,0,0,0
A21,Kharadi Bypass,8,0,10,0,0,0,0,0
A21,Kharadi Bypass,9,0,10,0,0,0,0,0
A21,Kharadi Bypass,10,0,10,0,0,0,0,0
A21,Kharadi Bypass,11,0,10,0,0,0,0,0
A21,Kharadi Bypass,12,0,10,0,0,0,0,0
A21,Kharadi Bypass,13,0,10,0,0,0,0,0
A21,Kharadi Bypass,14,0,10,0,0,0,0,0
A21,Kharadi Bypass,15,0,1,0,0,0,0,0
A21,Kharadi Bypass,6,0,0,0,0,0,0,0
A21,Kharadi Bypass,7,0,10,0,0,0,0,0
A21,Kharadi Bypass,8,0,10,0,0,0,0,0
A21,Kharadi Bypass,9,0,10,0,0,0,0,0
A21,Kharadi Bypass,10,0,10,0,0,0,0,0
A21,Kharadi Bypass,11,0,10,0,0,0,0,0
A21,Kharadi Bypass,12,0,10,0,0,0,0,0
A21,Kharadi Bypass,13,0,10,0,0,0,0,0
A21,Kharadi Bypass,14,0,10,0,0,0,0,0
A21,Kharadi Bypass,15,0,1,0,0,0,0,0
A22,Tulaja Bhavani Nagar,6,0,0,0,0,0,0,0
A22,Tulaja Bhavani Nagar,7,0,10,0,0,0,0,0
A22,Tulaja Bhavani Nagar,8,0,10,0,0,0,0,0
A22,Tulaja Bhavani Nagar,9,0,10,0,0,0,0,0
A22,Tulaja Bhavani Nagar,10,0,10,0,0,0,0,0
A22,Tulaja Bhavani Nagar,11,0,10,0,0,0,0,0
A22,Tulaja Bhavani Nagar,12,0,10,0,0,0,0,0
A22,Tulaja Bhavani Nagar,13,0,10,0,0,0,0,0
A22,Tulaja Bhavani Nagar,14,0,10,0,0,0,0,0
A22,Tulaja Bhavani Nagar,15,0,1,0,0,0,0,0
A22,Tulaja Bhavani Nagar,6,0,0,0,0,0,0,0
A22,Tulaja Bhavani Nagar,7,0,10,0,0,0,0,0
A22,Tulaja Bhavani Nagar,8,0,10,0,0,0,0,0
A22,Tulaja Bhavani Nagar,9,0,10,0,0,0,0,0
A22,Tulaja Bhavani Nagar,10,0,10,0,0,0,0,0
A22,Tulaja Bhavani Nagar,11,0,10,0,0,0,0,0
A22,Tulaja Bhavani Nagar,12,0,10,0,0,0,0,0
A22,Tulaja Bhavani Nagar,13,0,10,0,0,0,0,0
A22,Tulaja Bhavani Nagar,14,0,10,0,0,0,0,0
A22,Tulaja Bhavani Nagar,15,0,1,0,0,0,0,0
A23,Ubale Nagar,6,0,0,0,0,0,0,0
A23,Ubale Nagar,7,0,9,0,0,0,0,0
A23,Ubale Nagar,8,0,10,0,0,0,0,0
A23,Ubale Nagar,9,0,10,0,0,0,0,0
A23,Ubale Nagar,10,0,10,0,0,0,0,0
A23,Ubale Nagar,11,0,10,0,0,0,0,0
A23,Ubale Nagar,12,0,10,0,0,0,0,0
A23,Ubale Nagar,13,0,10,0,0,0,0,0
A23,Ubale Nagar,14,0,10,0,0,0,0,0
A23,Ubale Nagar,15,0,2,0,0,0,0,0
A23,Ubale Nagar,6,0,0,0,0,0,0,0
A23,Ubale Nagar,7,0,9,0,0,0,0,0
A23,Ubale Nagar,8,0,10,0,0,0,0,0
A23,Ubale Nagar,9,0,10,0,0,0,0,0
A23,Ubale Nagar,10,0,10,0,0,0,0,0
A23,Ubale Nagar,11,0,10,0,0,0,0,0
A23,Ubale Nagar,12,0,10,0,0,0,0,0
A23,Ubale Nagar,13,0,10,0,0,0,0,0
A23,Ubale Nagar,14,0,10,0,0,0,0,0
A23,Ubale Nagar,15,0,2,0,0,0,0,0
A24,Upper Kharadi Road,6,0,0,0,0,0,0,0
A24,Upper Kharadi Road,7,0,9,0,0,0,0,0
A24,Upper Kharadi Road,8,0,10,0,0,0,0,0
A24,Upper Kharadi Road,9,0,10,0,0,0,0,0
A24,Upper Kharadi Road,10,0,10,0,0,0,0,0
A24,Upper Kharadi Road,11,0,10,0,0,0,0,0
A24,Upper Kharadi Road,12,0,10,0,0,0,0,0
A24,Upper Kharadi Road,13,0,10,0,0,0,0,0
A24,Upper Kharadi Road,14,0,10,0,0,0,0,0
A24,Upper Kharadi Road,15,0,2,0,0,0,0,0
A24,Upper Kharadi Road,6,0,0,0,0,0,0,0
A24,Upper Kharadi Road,7,0,9,0,0,0,0,0
A24,Upper Kharadi Road,8,0,10,0,0,0,0,0
A24,Upper Kharadi Road,9,0,10,0,0,0,0,0
A24,Upper Kharadi Road,10,0,10,0,0,0,0,0
A24,Upper Kharadi Road,11,0,10,0,0,0,0,0
A24,Upper Kharadi Road,12,0,10,0,0,0,0,0
A24,Upper Kharadi Road,13,0,10,0,0,0,0,0
A24,Upper Kharadi Road,14,0,10,0,0,0,0,0
A24,Upper Kharadi Road,15,0,2,0,0,0,0,0
A25,Wagheshwar Temple,6,0,0,0,0,0,0,0
A25,Wagheshwar Temple,7,0,8,0,0,0,0,0
A25,Wagheshwar Temple,8,0,10,0,0,0,0,0
A25,Wagheshwar Temple,9,0,10,0,0,0,0,0
A25,Wagheshwar Temple,10,0,10,0,0,0,0,0
A25,Wagheshwar Temple,11,0,10,0,0,0,0,0
A25,Wagheshwar Temple,12,0,10,0,0,0,0,0
A25,Wagheshwar Temple,13,0,10,0,0,0,0,0
A25,Wagheshwar Temple,14,0,10,0,0,0,0,0
A25,Wagheshwar Temple,15,0,3,0,0,0,0,0
A25,Wagheshwar Temple,6,0,0,0,0,0,0,0
A25,Wagheshwar Temple,7,0,8,0,0,0,0,0
A25,Wagheshwar Temple,8,0,10,0,0,0,0,0
A25,Wagheshwar Temple,9,0,10,0,0,0,0,0
A25,Wagheshwar Temple,10,0,10,0,0,0,0,0
A25,Wagheshwar Temple,11,0,10,0,0,0,0,0
A25,Wagheshwar Temple,12,0,10,0,0,0,0,0
A25,Wagheshwar Temple,13,0,10,0,0,0,0,0
A25,Wagheshwar Temple,14,0,10,0,0,0,0,0
A25,Wagheshwar Temple,15,0,3,0,0,0,0,0
A26,Wagholi,6,0,0,0,0,0,0,0
A26,Wagholi,7,0,8,0,0,0,0,0
A26,Wagholi,8,0,10,0,0,0,0,0
A26,Wagholi,9,0,10,0,0,0,0,0
A26,Wagholi,10,0,10,0,0,0,0,0
A26,Wagholi,11,0,10,0,0,0,0,0
A26,Wagholi,12,0,10,0,0,0,0,0
A26,Wagholi,13,0,10,0,0,0,0,0
A26,Wagholi,14,0,10,0,0,0,0,0
A26,Wagholi,15,0,3,0,0,0,0,0
A26,Wagholi,6,0,0,0,0,0,0,0
A26,Wagholi,7,0,8,0,0,0,0,0
A26,Wagholi,8,0,10,0,0,0,0,0
A26,Wagholi,9,0,10,0,0,0,0,0
A26,Wagholi,10,0,10,0,0,0,0,0
A26,Wagholi,11,0,10,0,0,0,0,0
A26,Wagholi,12,0,10,0,0,0,0,0
A26,Wagholi,13,0,10,0,0,0,0,0
A26,Wagholi,14,0,10,0,0,0,0,0
A26,Wagholi,15,0,3,0,0,0,0,0
A27,Siddharth Nagar,6,0,0,0,0,0,0,0
A27,Siddharth Nagar,7,0,7,0,0,0,0,0
A27,Siddharth Nagar,8,0,10,0,0,0,0,0
A27,Siddharth Nagar,9,0,10,0,0,0,0,0
A27,Siddharth Nagar,10,0,10,0,0,0,0,0
A27,Siddharth Nagar,11,0,10,0,0,0,0,0
A27,Siddharth Nagar,12,0,10,0,0,0,0,0
A27,Siddharth Nagar,13,0,10,0,0,0,0,0
A27,Siddharth Nagar,14,0,10,0,0,0,0,0
A27,Siddharth Nagar,15,0,4,0,0,0,0,0
A27,Siddharth Nagar,6,0,0,0,0,0,0,0
A27,Siddharth Nagar,7,0,7,0,0,0,0,0
A27,Siddharth Nagar,8,0,10,0,0,0,0,0
A27,Siddharth Nagar,9,0,10,0,0,0,0,0
A27,Siddharth Nagar,10,0,10,0,0,0,0,0
A27,Siddharth Nagar,11,0,10,0,0,0,0,0
A27,Siddharth Nagar,12,0,10,0,0,0,0,0
A27,Siddharth Nagar,13,0,10,0,0,0,0,0
A27,Siddharth Nagar,14,0,10,0,0,0,0,0
A27,Siddharth Nagar,15,0,4,0,0,0,0,0
A28,Bakori Phata,6,0,0,0,0,0,0,0
A28,Bakori Phata,7,0,7,0,0,0,0,0
A28,Bakori Phata,8,0,10,0,0,0,0,0
A28,Bakori Phata,9,0,10,0,0,0,0,0
A28,Bakori Phata,10,0,10,0,0,0,0,0
A28,Bakori Phata,11,0,10,0,0,0,0,0
A28,Bakori Phata,12,0,10,0,0,0,0,0
A28,Bakori Phata,13,0,10,0,0,0,0,0
A28,Bakori Phata,14,0,10,0,0,0,0,0
A28,Bakori Phata,15,0,4,0,0,0,0,0
A28,Bakori Phata,6,0,0,0,0,0,0,0
A28,Bakori Phata,7,0,7,0,0,0,0,0
A28,Bakori Phata,8,0,10,0,0,0,0,0
A28,Bakori Phata,9,0,10,0,0,0,0,0
A28,Bakori Phata,10,0,10,0,0,0,0,0
A28,Bakori Phata,11,0,10,0,0,0,0,0
A28,Bakori Phata,12,0,10,0,0,0,0,0
A28,Bakori Phata,13,0,10,0,0,0,0,0
A28,Bakori Phata,14,0,10,0,0,0,0,0
A28,Bakori Phata,15,0,4,0,0,0,0,0
A29,Vithalwadi,6,0,0,0,0,0,0,0
A29,Vithalwadi,7,0,6,0,0,0,0,0
A29,Vithalwadi,8,0,10,0,0,0,0,0
A29,Vithalwadi,9,0,10,0,0,0,0,0
A29,Vithalwadi,10,0,10,0,0,0,0,0
A29,Vithalwadi,11,0,10,0,0,0,0,0
A29,Vithalwadi,12,0,10,0,0,0,0,0
A29,Vithalwadi,13,0,10,0,0,0,0,0
A29,Vithalwadi,14,0,10,0,0,0,0,0
A29,Vithalwadi,15,0,5,0,0,0,0,0
K01,Megapolis Circle,6,0,10,0,0,0,0,0
K01,Megapolis Circle,7,0,10,0,0,0,0,0
K01,Megapolis Circle,8,0,10,0,0,0,0,0
K01,Megapolis Circle,9,0,10,0,0,0,0,0
K01,Megapolis Circle,10,0,10,0,0,0,0,0
K01,Megapolis Circle,11,0,10,0,0,0,0,0
K01,Megapolis Circle,12,0,10,0,0,0,0,0
K01,Megapolis Circle,13,0,10,0,0,0,0,0
K01,Megapolis Circle,14,0,1,0,0,0,0,0
K01,Megapolis Circle,15,0,0,0,0,0,0,0
K02,Quadron,6,0,10,0,0,0,0,0
K02,Quadron,7,0,10,0,0,0,0,0
K02,Quadron,8,0,10,0,0,0,0,0
K02,Quadron,9,0,10,0,0,0,0,0
K02,Quadron,10,0,10,0,0,0,0,0
K02,Quadron,11,0,10,0,0,0,0,0
K02,Quadron,12,0,10,0,0,0,0,0
K02,Quadron,13,0,10,0,0,0,0,0
K02,Quadron,14,0,1,0,0,0,0,0
K02,Quadron,15,0,0,0,0,0,0,0
K02,Quadron,6,0,10,0,0,0,0,0
K02,Quadron,7,0,10,0,0,0,0,0
K02,Quadron,8,0,10,0,0,0,0,0
K02,Quadron,9,0,10,0,0,0,0,0
K02,Quadron,10,0,10,0,0,0,0,0
K02,Quadron,11,0,10,0,0,0,0,0
K02,Quadron,12,0,10,0,0,0,0,0
K02,Quadron,13,0,10,0,0,0,0,0
K02,Quadron,14,0,1,0,0,0,0,0
K02,Quadron,15,0,0,0,0,0,0,0
K03,Infosys Phase II,6,0,9,0,0,0,0,0
K03,Infosys Phase II,7,0,10,0,0,0,0,0
K03,Infosys Phase II,8,0,10,0,0,0,0,0
K03,Infosys Phase II,9,0,10,0,0,0,0,0
K03,Infosys Phase II,10,0,10,0,0,0,0,0
K03,Infosys Phase II,11,0,10,0,0,0,0,0
K03,Infosys Phase II,12,0,10,0,0,0,0,0
K03,Infosys Phase II,13,0,10,0,0,0,0,0
K03,Infosys Phase II,14,0,2,0,0,0,0,0
K03,Infosys Phase II,15,0,0,0,0,0,0,0
K03,Infosys Phase II,6,0,9,0,0,0,0,0
K03,Infosys Phase II,7,0,10,0,0,0,0,0
K03,Infosys Phase II,8,0,10,0,0,0,0,0
K03,Infosys Phase II,9,0,10,0,0,0,0,0
K03,Infosys Phase II,10,0,10,0,0,0,0,0
K03,Infosys Phase II,11,0,10,0,0,0,0,0
K03,Infosys Phase II,12,0,10,0,0,0,0,0
K03,Infosys Phase II,13,0,10,0,0,0,0,0
K03,Infosys Phase II,14,0,2,0,0,0,0,0
K03,Infosys Phase II,15,0,0,0,0,0,0,0
K04,Dohler,6,0,9,0,0,0,0,0
K04,Dohler,7,0,10,0,0,0,0,0
K04,Dohler,8,0,10,0,0,0,0,0
K04,Dohler,9,0,10,0,0,0,0,0
K04,Dohler,10,0,10,0,0,0,0,0
K04,Dohler,11,0,10,0,0,0,0,0
K04,Dohler,12,0,10,0,0,0,0,0
K04,Dohler,13,0,10,0,0,0,0,0
K04,Dohler,14,0,2,0,0,0,0,0
K04,Dohler,15,0,0,0,0,0,0,0
K04,Dohler,6,0,9,0,0,0,0,0
K04,Dohler,7,0,10,0,0,0,0,0
K04,Dohler,8,0,10,0,0,0,0,0
K04,Dohler,9,0,10,0,0,0,0,0
K04,Dohler,10,0,10,0,0,0,0,0
K04,Dohler,11,0,10,0,0,0,0,0
K04,Dohler,12,0,10,0,0,0,0,0
K04,Dohler,13,0,10,0,0,0,0,0
K04,Dohler,14,0,2,0,0,0,0,0
K04,Dohler,15,0,0,0,0,0,0,0
K05,Wipro Technologies,6,0,8,0,0,0,0,0
K05,Wipro Technologies,7,0,10,0,0,0,0,0
K05,Wipro Technologies,8,0,10,0,0,0,0,0
K05,Wipro Technologies,9,0,10,0,0,0,0,0
K05,Wipro Technologies,10,0,10,0,0,0,0,0
K05,Wipro Technologies,11,0,10,0,0,0,0,0
K05,Wipro Technologies,12,0,10,0,0,0,0,0
K05,Wipro Technologies,13,0,10,0,0,0,0,0
K05,Wipro Technologies,14,0,3,0,0,0,0,0
K05,Wipro Technologies,15,0,0,0,0,0,0,0
K05,Wipro Technologies,6,0,8,0,0,0,0,0
K05,Wipro Technologies,7,0,10,0,0,0,0,0
K05,Wipro Technologies,8,0,10,0,0,0,0,0
K05,Wipro Technologies,9,0,10,0,0,0,0,0
K05,Wipro Technologies,10,0,10,0,0,0,0,0
K05,Wipro Technologies,11,0,10,0,0,0,0,0
K05,Wipro Technologies,12,0,10,0,0,0,0,0
K05,Wipro Technologies,13,0,10,0,0,0,0,0
K05,Wipro Technologies,14,0,3,0,0,0,0,0
K05,Wipro Technologies,15,0,0,0,0,0,0,0
K06,Pall India,6,0,8,0,0,0,0,0
K06,Pall India,7,0,10,0,0,0,0,0
K06,Pall India,8,0,10,0,0,0,0,0
K06,Pall India,9,0,10,0,0,0,0,0
K06,Pall India,10,0,10,0,0,0,0,0
K06,Pall India,11,0,10,0,0,0,0,0
K06,Pall India,12,0,10,0,0,0,0,0
K06,Pall India,13,0,10,0,0,0,0,0
K06,Pall India,14,0,3,0,0,0,0,0
K06,Pall India,15,0,0,0,0,0,0,0
K06,Pall India,6,0,8,0,0,0,0,0
K06,Pall India,7,0,10,0,0,0,0,0
K06,Pall India,8,0,10,0,0,0,0,0
K06,Pall India,9,0,10,0,0,0,0,0
K06,Pall India,10,0,10,0,0,0,0,0
K06,Pall India,11,0,10,0,0,0,0,0
K06,Pall India,12,0,10,0,0,0,0,0
K06,Pall India,13,0,10,0,0,0,0,0
K06,Pall India,14,0,3,0,0,0,0,0
K06,Pall India,15,0,0,0,0,0,0,0
K07,Shivaji Chowk,6,0,7,0,0,0,0,0
K07,Shivaji Chowk,7,0,10,0,0,0,0,0
K07,Shivaji Chowk,8,0,10,0,0,0,0,0
K07,Shivaji Chowk,9,0,10,0,0,0,0,0
K07,Shivaji Chowk,10,0,10,0,0,0,0,0
K07,Shivaji Chowk,11,0,10,0,0,0,0,0
K07,Shivaji Chowk,12,0,10,0,0,0,0,0
K07,Shivaji Chowk,13,0,10,0,0,0,0,0
K07,Shivaji Chowk,14,0,4,0,0,0,0,0
K07,Shivaji Chowk,15,0,0,0,0,0,0,0
K07,Shivaji Chowk,6,0,7,0,0,0,0,0
K07,Shivaji Chowk,7,0,10,0,0,0,0,0
K07,Shivaji Chowk,8,0,10,0,0,0,0,0
K07,Shivaji Chowk,9,0,10,0,0,0,0,0
K07,Shivaji Chowk,10,0,10,0,0,0,0,0
K07,Shivaji Chowk,11,0,10,0,0,0,0,0
K07,Shivaji Chowk,12,0,10,0,0,0,0,0
K07,Shivaji Chowk,13,0,10,0,0,0,0,0
K07,Shivaji Chowk,14,0,4,0,0,0,0,0
K07,Shivaji Chowk,15,0,0,0,0,0,0,0
K08,Hinjawadi,6,0,7,0,0,0,0,0
K08,Hinjawadi,7,0,10,0,0,0,0,0
K08,Hinjawadi,8,0,10,0,0,0,0,0
K08,Hinjawadi,9,0,10,0,0,0,0,0
K08,Hinjawadi,10,0,10,0,0,0,0,0
K08,Hinjawadi,11,0,10,0,0,0,0,0
K08,Hinjawadi,12,0,10,0,0,0,0,0
K08,Hinjawadi,13,0,10,0,0,0,0,0
K08,Hinjawadi,14,0,4,0,0,0,0,0
K08,Hinjawadi,15,0,0,0,0,0,0,0
K08,Hinjawadi,6,0,7,0,0,0,0,0
K08,Hinjawadi,7,0,10,0,0,0,0,0
K08,Hinjawadi,8,0,10,0,0,0,0,0
K08,Hinjawadi,9,0,10,0,0,0,0,0
K08,Hinjawadi,10,0,10,0,0,0,0,0
K08,Hinjawadi,11,0,10,0,0,0,0,0
K08,Hinjawadi,12,0,10,0,0,0,0,0
K08,Hinjawadi,13,0,10,0,0,0,0,0
K08,Hinjawadi,14,0,4,0,0,0,0,0
K08,Hinjawadi,15,0,0,0,0,0,0,0
K09,Wakad Chowk,6,0,6,0,0,0,0,0
K09,Wakad Chowk,7,0,10,0,0,0,0,0
K09,Wakad Chowk,8,0,10,0,0,0,0,0
K09,Wakad Chowk,9,0,10,0,0,0,0,0
K09,Wakad Chowk,10,0,10,0,0,0,0,0
K09,Wakad Chowk,11,0,10,0,0,0,0,0
K09,Wakad Chowk,12,0,10,0,0,0,0,0
K09,Wakad Chowk,13,0,10,0,0,0,0,0
K09,Wakad Chowk,14,0,5,0,0,0,0,0
K09,Wakad Chowk,15,0,0,0,0,0,0,0
K09,Wakad Chowk,6,0,6,0,0,0,0,0
K09,Wakad Chowk,7,0,10,0,0,0,0,0
K09,Wakad Chowk,8,0,10,0,0,0,0,0
K09,Wakad Chowk,9,0,10,0,0,0,0,0
K09,Wakad Chowk,10,0,10,0,0,0,0,0
K09,Wakad Chowk,11,0,10,0,0,0,0,0
K09,Wakad Chowk,12,0,10,0,0,0,0,0
K09,Wakad Chowk,13,0,10,0,0,0,0,0
K09,Wakad Chowk,14,0,5,0,0,0,0,0
K09,Wakad Chowk,15,0,0,0,0,0,0,0
K10,Balewadi Stadium,6,0,6,0,0,0,0,0
K10,Balewadi Stadium,7,0,10,0,0,0,0,0
K10,Balewadi Stadium,8,0,10,0,0,0,0,0
K10,Balewadi Stadium,9,0,10,0,0,0,0,0
K10,Balewadi Stadium,10,0,10,0,0,0,0,0
K10,Balewadi Stadium,11,0,10,0,0,0,0,0
K10,Balewadi Stadium,12,0,10,0,0,0,0,0
K10,Balewadi Stadium,13,0,10,0,0,0,0,0
K10,Balewadi Stadium,14,0,5,0,0,0,0,0
K10,Balewadi Stadium,15,0,0,0,0,0,0,0
K10,Balewadi Stadium,6,0,6,0,0,0,0,0
K10,Balewadi Stadium,7,0,10,0,0,0,0,0
K10,Balewadi Stadium,8,0,10,0,0,0,0,0
K10,Balewadi Stadium,9,0,10,0,0,0,0,0
K10,Balewadi Stadium,10,0,10,0,0,0,0,0
K10,Balewadi Stadium,11,0,10,0,0,0,0,0
K10,Balewadi Stadium,12,0,10,0,0,0,0,0
K10,Balewadi Stadium,13,0,10,0,0,0,0,0
K10,Balewadi Stadium,14,0,5,0,0,0,0,0
K10,Balewadi Stadium,15,0,0,0,0,0,0,0
K11,NICMAR,6,0,5,0,0,0,0,0
K11,NICMAR,7,0,10,0,0,0,0,0
K11,NICMAR,8,0,10,0,0,0,0,0
K11,NICMAR,9,0,10,0,0,0,0,0
K11,NICMAR,10,0,10,0,0,0,0,0
K11,NICMAR,11,0,10,0,0,0,0,0
K11,NICMAR,12,0,10,0,0,0,0,0
K11,NICMAR,13,0,10,0,0,0,0,0
K11,NICMAR,14,0,6,0,0,0,0,0
K11,NICMAR,15,0,0,0,0,0,0,0
K11,NICMAR,6,0,5,0,0,0,0,0
K11,NICMAR,7,0,10,0,0,0,0,0
K11,NICMAR,8,0,10,0,0,0,0,0
K11,NICMAR,9,0,10,0,0,0,0,0
K11,NICMAR,10,0,10,0,0,0,0,0
K11,NICMAR,11,0,10,0,0,0,0,0
K11,NICMAR,12,0,10,0,0,0,0,0
K11,NICMAR,13,0,10,0,0,0,0,0
K11,NICMAR,14,0,6,0,0,0,0,0
K11,NICMAR,15,0,0,0,0,0,0,0
K12,Ramnagar,6,0,5,0,0,0,0,0
K12,Ramnagar,7,0,10,0,0,0,0,0
K12,Ramnagar,8,0,10,0,0,0,0,0
K12,Ramnagar,9,0,10,0,0,0,0,0
K12,Ramnagar,10,0,10,0,0,0,0,0
K12,Ramnagar,11,0,10,0,0,0,0,0
K12,Ramnagar,12,0,10,0,0,0,0,0
K12,Ramnagar,13,0,10,0,0,0,0,0
K12,Ramnagar,14,0,6,0,0,0,0,0
K12,Ramnagar,15,0,0,0,0,0,0,0
K12,Ramnagar,6,0,5,0,0,0,0,0
K12,Ramnagar,7,0,10,0,0,0,0,0
K12,Ramnagar,8,0,10,0,0,0,0,0
K12,Ramnagar,9,0,10,0,0,0,0,0
K12,Ramnagar,10,0,10,0,0,0,0,0
K12,Ramnagar,11,0,10,0,0,0,0,0
K12,Ramnagar,12,0,10,0,0,0,0,0
K12,Ramnagar,13,0,10,0,0,0,0,0
K12,Ramnagar,14,0,6,0,0,0,0,0
K12,Ramnagar,15,0,0,0,0,0,0,0
K13,Laxmi Nagar,6,0,4,0,0,0,0,0
K13,Laxmi Nagar,7,0,10,0,0,0,0,0
K13,Laxmi Nagar,8,0,10,0,0,0,0,0
K13,Laxmi Nagar,9,0,10,0,0,0,0,0
K13,Laxmi Nagar,10,0,10,0,0,0,0,0
K13,Laxmi Nagar,11,0,10,0,0,0,0,0
K13,Laxmi Nagar,12,0,10,0,0,0,0,0
K13,Laxmi Nagar,13,0,10,0,0,0,0,0
K13,Laxmi Nagar,14,0,7,0,0,0,0,0
K13,Laxmi Nagar,15,0,0,0,0,0,0,0
K13,Laxmi Nagar,6,0,4,0,0,0,0,0
K13,Laxmi Nagar,7,0,10,0,0,0,0,0
K13,Laxmi Nagar,8,0,10,0,0,0,0,0
K13,Laxmi Nagar,9,0,10,0,0,0,0,0
K13,Laxmi Nagar,10,0,10,0,0,0,0,0
K13,Laxmi Nagar,11,0,10,0,0,0,0,0
K13,Laxmi Nagar,12,0,10,0,0,0,0,0
K13,Laxmi Nagar,13,0,10,0,0,0,0,0
K13,Laxmi Nagar,14,0,7,0,0,0,0,0
K13,Laxmi Nagar,15,0,0,0,0,0,0,0
K14,Balewadi Phata,6,0,4,0,0,0,0,0
K14,Balewadi Phata,7,0,10,0,0,0,0,0
K14,Balewadi Phata,8,0,10,0,0,0,0,0
K14,Balewadi Phata,9,0,10,0,0,0,0,0
K14,Balewadi Phata,10,0,10,0,0,0,0,0
K14,Balewadi Phata,11,0,10,0,0,0,0,0
K14,Balewadi Phata,12,0,10,0,0,0,0,0
K14,Balewadi Phata,13,0,10,0,0,0,0,0
K14,Balewadi Phata,14,0,7,0,0,0,0,0
K14,Balewadi Phata,15,0,0,0,0,0,0,0
K14,Balewadi Phata,6,0,4,0,0,0,0,0
K14,Balewadi Phata,7,0,10,0,0,0,0,0
K14,Balewadi Phata,8,0,10,0,0,0,0,0
K14,Balewadi Phata,9,0,10,0,0,0,0,0
K14,Balewadi Phata,10,0,10,0,0,0,0,0
K14,Balewadi Phata,11,0,10,0,0,0,0,0
K14,Balewadi Phata,12,0,10,0,0,0,0,0
K14,Balewadi Phata,13,0,10,0,0,0,0,0
K14,Balewadi Phata,14,0,7,0,0,0,0,0
K14,Balewadi Phata,15,0,0,0,0,0,0,0
K15,Baner Gaon,6,0,3,0,0,0,0,0
K15,Baner Gaon,7,0,10,0,0,0,0,0
K15,Baner Gaon,8,0,10,0,0,0,0,0
K15,Baner Gaon,9,0,10,0,0,0,0,0
K15,Baner Gaon,10,0,10,0,0,0,0,0
K15,Baner Gaon,11,0,10,0,0,0,0,0
K15,Baner Gaon,12,0,10,0,0,0,0,0
K15,Baner Gaon,13,0,10,0,0,0,0,0
K15,Baner Gaon,14,0,8,0,0,0,0,0
K15,Baner Gaon,15,0,0,0,0,0,0,0
K15,Baner Gaon,6,0,3,0,0,0,0,0
K15,Baner Gaon,7,0,10,0,0,0,0,0
K15,Baner Gaon,8,0,10,0,0,0,0,0
K15,Baner Gaon,9,0,10,0,0,0,0,0
K15,Baner Gaon,10,0,10,0,0,0,0,0
K15,Baner Gaon,11,0,10,0,0,0,0,0
K15,Baner Gaon,12,0,10,0,0,0,0,0
K15,Baner Gaon,13,0,10,0,0,0,0,0
K15,Baner Gaon,14,0,8,0,0,0,0,0
K15,Baner Gaon,15,0,0,0,0,0,0,0
K16,Baner,6,0,3,0,0,0,0,0
K16,Baner,7,0,10,0,0,0,0,0
K16,Baner,8,0,10,0,0,0,0,0
K16,Baner,9,0,10,0,0,0,0,0
K16,Baner,10,0,10,0,0,0,0,0
K16,Baner,11,0,10,0,0,0,0,0
K16,Baner,12,0,10,0,0,0,0,0
K16,Baner,13,0,10,0,0,0,0,0
K16,Baner,14,0,8,0,0,0,0,0
K16,Baner,15,0,0,0,0,0,0,0
K16,Baner,6,0,3,0,0,0,0,0
K16,Baner,7,0,10,0,0,0,0,0
K16,Baner,8,0,10,0,0,0,0,0
K16,Baner,9,0,10,0,0,0,0,0
K16,Baner,10,0,10,0,0,0,0,0
K16,Baner,11,0,10,0,0,0,0,0
K16,Baner,12,0,10,0,0,0,0,0
K16,Baner,13,0,10,0,0,0,0,0
K16,Baner,14,0,8,0,0,0,0,0
K16,Baner,15,0,0,0,0,0,0,0
K17,Indian Agricultural Research Institute,6,0,2,0,0,0,0,0
K17,Indian Agricultural Research Institute,7,0,10,0,0,0,0,0
K17,Indian Agricultural Research Institute,8,0,10,0,0,0,0,0
K17,Indian Agricultural Research Institute,9,0,10,0,0,0,0,0
K17,Indian Agricultural Research Institute,10,0,10,0,0,0,0,0
K17,Indian Agricultural Research Institute,11,0,10,0,0,0,0,0
K17,Indian Agricultural Research Institute,12,0,10,0,0,0,0,0
K17,Indian Agricultural Research Institute,13,0,10,0,0,0,0,0
K17,Indian Agricultural Research Institute,14,0,9,0,0,0,0,0
K17,Indian Agricultural Research Institute,15,0,0,0,0,0,0,0
K17,Indian Agricultural Research Institute,6,0,2,0,0,0,0,0
K17,Indian Agricultural Research Institute,7,0,10,0,0,0,0,0
K17,Indian Agricultural Research Institute,8,0,10,0,0,0,0,0
K17,Indian Agricultural Research Institute,9,0,10,0,0,0,0,0
K17,Indian Agricultural Research Institute,10,0,10,0,0,0,0,0
K17,Indian Agricultural Research Institute,11,0,10,0,0,0,0,0
K17,Indian Agricultural Research Institute,12,0,10,0,0,0,0,0
K17,Indian Agricultural Research Institute,13,0,10,0,0,0,0,0
K17,Indian Agricultural Research Institute,14,0,9,0,0,0,0,0
K17,Indian Agricultural Research Institute,15,0,0,0,0,0,0,0
K18,Sakal Nagar,6,0,2,0,0,0,0,0
K18,Sakal Nagar,7,0,10,0,0,0,0,0
K18,Sakal Nagar,8,0,10,0,0,0,0,0
K18,Sakal Nagar,9,0,10,0,0,0,0,0
K18,Sakal Nagar,10,0,10,0,0,0,0,0
K18,Sakal Nagar,11,0,10,0,0,0,0,0
K18,Sakal Nagar,12,0,10,0,0,0,0,0
K18,Sakal Nagar,13,0,10,0,0,0,0,0
K18,Sakal Nagar,14,0,9,0,0,0,0,0
K18,Sakal Nagar,15,0,0,0,0,0,0,0
K18,Sakal Nagar,6,0,2,0,0,0,0,0
K18,Sakal Nagar,7,0,10,0,0,0,0,0
K18,Sakal Nagar,8,0,10,0,0,0,0,0
K18,Sakal Nagar,9,0,10,0,0,0,0,0
K18,Sakal Nagar,10,0,10,0,0,0,0,0
K18,Sakal Nagar,11,0,10,0,0,0,0,0
K18,Sakal Nagar,12,0,10,0,0,0,0,0
K18,Sakal Nagar,13,0,10,0,0,0,0,0
K18,Sakal Nagar,14,0,9,0,0,0,0,0
K18,Sakal Nagar,15,0,0,0,0,0,0,0
K19,Savitribai Phule Pune University,6,0,1,0,0,0,0,0
K19,Savitribai Phule Pune University,7,0,10,0,0,0,0,0
K19,Savitribai Phule Pune University,8,0,10,0,0,0,0,0
K19,Savitribai Phule Pune University,9,0,10,0,0,0,0,0
K19,Savitribai Phule Pune University,10,0,10,0,0,0,0,0
K19,Savitribai Phule Pune University,11,0,10,0,0,0,0,0
K19,Savitribai Phule Pune University,12,0,10,0,0,0,0,0
K19,Savitribai Phule Pune University,13,0,10,0,0,0,0,0
K19,Savitribai Phule Pune University,14,0,10,0,0,0,0,0
K19,Savitribai Phule Pune University,15,0,0,0,0,0,0,0
K19,Savitribai Phule Pune University,6,0,1,0,0,0,0,0
K19,Savitribai Phule Pune University,7,0,10,0,0,0,0,0
K19,Savitribai Phule Pune University,8,0,10,0,0,0,0,0
K19,Savitribai Phule Pune University,9,0,10,0,0,0,0,0
K19,Savitribai Phule Pune University,10,0,10,0,0,0,0,0
K19,Savitribai Phule Pune University,11,0,10,0,0,0,0,0
K19,Savitribai Phule Pune University,12,0,10,0,0,0,0,0
K19,Savitribai Phule Pune University,13,0,10,0,0,0,0,0
K19,Savitribai Phule Pune University,14,0,10,0,0,0,0,0
K19,Savitribai Phule Pune University,15,0,0,0,0,0,0,0
K20,Reserve Bank of India,6,0,1,0,0,0,0,0
K20,Reserve Bank of India,7,0,10,0,0,0,0,0
K20,Reserve Bank of India,8,0,10,0,0,0,0,0
K20,Reserve Bank of India,9,0,10,0,0,0,0,0
K20,Reserve Bank of India,10,0,10,0,0,0,0,0
K20,Reserve Bank of India,11,0,10,0,0,0,0,0
K20,Reserve Bank of India,12,0,10,0,0,0,0,0
K20,Reserve Bank of India,13,0,10,0,0,0,0,0
K20,Reserve Bank of India,14,0,10,0,0,0,0,0
K20,Reserve Bank of India,15,0,0,0,0,0,0,0
K20,Reserve Bank of India,6,0,1,0,0,0,0,0
K20,Reserve Bank of India,7,0,10,0,0,0,0,0
K20,Reserve Bank of India,8,0,10,0,0,0,0,0
K20,Reserve Bank of India,9,0,10,0,0,0,0,0
K20,Reserve Bank of India,10,0,10,0,0,0,0,0
K20,Reserve Bank of India,11,0,10,0,0,0,0,0
K20,Reserve Bank of India,12,0,10,0,0,0,0,0
K20,Reserve Bank of India,13,0,10,0,0,0,0,0
K20,Reserve Bank of India,14,0,10,0,0,0,0,0
K20,Reserve Bank of India,15,0,0,0,0,0,0,0
K21,Agriculture College,6,0,0,0,0,0,0,0
K21,Agriculture College,7,0,10,0,0,0,0,0
K21,Agriculture College,8,0,10,0,0,0,0,0
K21,Agriculture College,9,0,10,0,0,0,0,0
K21,Agriculture College,10,0,10,0,0,0,0,0
K21,Agriculture College,11,0,10,0,0,0,0,0
K21,Agriculture College,12,0,10,0,0,0,0,0
K21,Agriculture College,13,0,10,0,0,0,0,0
K21,Agriculture College,14,0,10,0,0,0,0,0
K21,Agriculture College,15,0,1,0,0,0,0,0
K21,Agriculture College,6,0,0,0,0,0,0,0
K21,Agriculture College,7,0,10,0,0,0,0,0
K21,Agriculture College,8,0,10,0,0,0,0,0
K21,Agriculture College,9,0,10,0,0,0,0,0
K21,Agriculture College,10,0,10,0,0,0,0,0
K21,Agriculture College,11,0,10,0,0,0,0,0
K21,Agriculture College,12,0,10,0,0,0,0,0
K21,Agriculture College,13,0,10,0,0,0,0,0
K21,Agriculture College,14,0,10,0,0,0,0,0
K21,Agriculture College,15,0,1,0,0,0,0,0
K22,Shivaji Nagar,6,0,2,0,0,0,0,0
K22,Shivaji Nagar,7,0,20,0,0,0,0,0
K22,Shivaji Nagar,8,0,20,0,0,0,0,0
K22,Shivaji Nagar,9,0,20,0,0,0,0,0
K22,Shivaji Nagar,10,0,20,0,0,0,0,0
K22,Shivaji Nagar,11,0,20,0,0,0,0,0
K22,Shivaji Nagar,12,0,20,0,0,0,0,0
K22,Shivaji Nagar,13,0,20,0,0,0,0,0
K22,Shivaji Nagar,14,0,19,0,0,0,0,0
K22,Shivaji Nagar,15,0,1,0,0,0,0,0
K22,Shivaji Nagar,6,0,2,0,0,0,0,0
K22,Shivaji Nagar,7,0,20,0,0,0,0,0
K22,Shivaji Nagar,8,0,20,0,0,0,0,0
K22,Shivaji Nagar,9,0,20,0,0,0,0,0
K22,Shivaji Nagar,10,0,20,0,0,0,0,0
K22,Shivaji Nagar,11,0,20,0,0,0,0,0
K22,Shivaji Nagar,12,0,20,0,0,0,0,0
K22,Shivaji Nagar,13,0,20,0,0,0,0,0
K22,Shivaji Nagar,14,0,19,0,0,0,0,0
K22,Shivaji Nagar,15,0,1,0,0,0,0,0
K23,District Court (Civil Court),6,0,0,0,0,0,0,0
K23,District Court (Civil Court),7,0,0,0,0,0,0,0
K23,District Court (Civil Court),8,0,0,7,0,0,1,0
K23,District Court (Civil Court),9,0,0,1,1,0,0,0
K23,District Court (Civil Court),10,0,0,0,1,0,0,0
K23,District Court (Civil Court),11,0,0,0,0,0,0,0
K23,District Court (Civil Court),12,0,0,0,0,0,0,0
K23,District Court (Civil Court),13,0,0,0,0,0,0,0
K23,District Court (Civil Court),14,0,0,0,0,0,0,0
K23,District Court (Civil Court),15,0,0,0,0,0,0,0
P01,Bhakti Shakti,6,0,10,0,0,0,0,0
P01,Bhakti Shakti,7,0,10,0,0,0,0,0
P01,Bhakti Shakti,8,0,10,0,0,0,0,0
P01,Bhakti Shakti,9,0,10,0,0,0,0,0
P01,Bhakti Shakti,10,0,10,0,0,0,0,0
P01,Bhakti Shakti,11,0,10,0,0,0,0,0
P01,Bhakti Shakti,12,0,10,0,0,0,0,0
P01,Bhakti Shakti,13,0,10,0,0,0,0,0
P01,Bhakti Shakti,14,0,1,0,0,0,0,0
P01,Bhakti Shakti,15,0,0,0,0,0,0,0
P02,Nigdi,6,0,10,0,0,0,0,0
P02,Nigdi,7,0,10,0,0,0,0,0
P02,Nigdi,8,0,10,0,0,0,0,0
P02,Nigdi,9,0,10,0,0,0,0,0
P02,Nigdi,10,0,10,0,0,0,0,0
P02,Nigdi,11,0,10,0,0,0,0,0
P02,Nigdi,12,0,10,0,0,0,0,0
P02,Nigdi,13,0,10,0,0,0,0,0
P02,Nigdi,14,0,1,0,0,0,0,0
P02,Nigdi,15,0,0,0,0,0,0,0
P02,Nigdi,6,0,10,0,0,0,0,0
P02,Nigdi,7,0,10,0,0,0,0,0
P02,Nigdi,8,0,10,0,0,0,0,0
P02,Nigdi,9,0,10,0,0,0,0,0
P02,Nigdi,10,0,10,0,0,0,0,0
P02,Nigdi,11,0,10,0,0,0,0,0
P02,Nigdi,12,0,10,0,0,0,0,0
P02,Nigdi,13,0,10,0,0,0,0,0
P02,Nigdi,14,0,1,0,0,0,0,0
P02,Nigdi,15,0,0,0,0,0,0,0
P03,Akurdi,6,0,9,0,0,0,0,0
P03,Akurdi,7,0,10,0,0,0,0,0
P03,Akurdi,8,0,10,0,0,0,0,0
P03,Akurdi,9,0,10,0,0,0,0,0
P03,Akurdi,10,0,10,0,0,0,0,0
P03,Akurdi,11,0,10,0,0,0,0,0
P03,Akurdi,12,0,10,0,0,0,0,0
P03,Akurdi,13,0,10,0,0,0,0,0
P03,Akurdi,14,0,2,0,0,0,0,0
P03,Akurdi,15,0,0,0,0,0,0,0
P03,Akurdi,6,0,9,0,0,0,0,0
P03,Akurdi,7,0,10,0,0,0,0,0
P03,Akurdi,8,0,10,0,0,0,0,0
P03,Akurdi,9,0,10,0,0,0,0,0
P03,Akurdi,10,0,10,0,0,0,0,0
P03,Akurdi,11,0,10,0,0,0,0,0
P03,Akurdi,12,0,10,0,0,0,0,0
P03,Akurdi,13,0,10,0,0,0,0,0
P03,Akurdi,14,0,2,0,0,0,0,0
P03,Akurdi,15,0,0,0,0,0,0,0
P04,Chinchwad,6,0,8,0,0,0,0,0
P04,Chinchwad,7,0,10,0,0,0,0,0
P04,Chinchwad,8,0,10,0,0,0,0,0
P04,Chinchwad,9,0,10,0,0,0,0,0
P04,Chinchwad,10,0,10,0,0,0,0,0
P04,Chinchwad,11,0,10,0,0,0,0,0
P04,Chinchwad,12,0,10,0,0,0,0,0
P04,Chinchwad,13,0,10,0,0,0,0,0
P04,Chinchwad,14,0,3,0,0,0,0,0
P04,Chinchwad,15,0,0,0,0,0,0,0
P04,Chinchwad,6,0,8,0,0,0,0,0
P04,Chinchwad,7,0,10,0,0,0,0,0
P04,Chinchwad,8,0,10,0,0,0,0,0
P04,Chinchwad,9,0,10,0,0,0,0,0
P04,Chinchwad,10,0,10,0,0,0,0,0
P04,Chinchwad,11,0,10,0,0,0,0,0
P04,Chinchwad,12,0,10,0,0,0,0,0
P04,Chinchwad,13,0,10,0,0,0,0,0
P04,Chinchwad,14,0,3,0,0,0,0,0
P04,Chinchwad,15,0,0,0,0,0,0,0
P05,PCMC Bhavan,6,0,8,0,0,0,0,0
P05,PCMC Bhavan,7,0,10,0,0,0,0,0
P05,PCMC Bhavan,8,0,10,0,0,0,0,0
P05,PCMC Bhavan,9,0,10,0,0,0,0,0
P05,PCMC Bhavan,10,0,10,0,0,0,0,0
P05,PCMC Bhavan,11,0,10,0,0,0,0,0
P05,PCMC Bhavan,12,0,10,0,0,0,0,0
P05,PCMC Bhavan,13,0,10,0,0,0,0,0
P05,PCMC Bhavan,14,0,3,0,0,0,0,0
P05,PCMC Bhavan,15,0,0,0,0,0,0,0
P05,PCMC Bhavan,6,0,8,0,0,0,0,0
P05,PCMC Bhavan,7,0,10,0,0,0,0,0
P05,PCMC Bhavan,8,0,10,0,0,0,0,0
P05,PCMC Bhavan,9,0,10,0,0,0,0,0
P05,PCMC Bhavan,10,0,10,0,0,0,0,0
P05,PCMC Bhavan,11,0,10,0,0,0,0,0
P05,PCMC Bhavan,12,0,10,0,0,0,0,0
P05,PCMC Bhavan,13,0,10,0,0,0,0,0
P05,PCMC Bhavan,14,0,3,0,0,0,0,0
P05,PCMC Bhavan,15,0,0,0,0,0,0,0
P06,Sant Tukaram Nagar,6,0,7,0,0,0,0,0
P06,Sant Tukaram Nagar,7,0,10,0,0,0,0,0
P06,Sant Tukaram Nagar,8,0,10,0,0,0,0,0
P06,Sant Tukaram Nagar,9,0,10,0,0,0,0,0
P06,Sant Tukaram Nagar,10,0,10,0,0,0,0,0
P06,Sant Tukaram Nagar,11,0,10,0,0,0,0,0
P06,Sant Tukaram Nagar,12,0,10,0,0,0,0,0
P06,Sant Tukaram Nagar,13,0,10,0,0,0,0,0
P06,Sant Tukaram Nagar,14,0,4,0,0,0,0,0
P06,Sant Tukaram Nagar,15,0,0,0,0,0,0,0
P06,Sant Tukaram Nagar,6,0,7,0,0,0,0,0
P06,Sant Tukaram Nagar,7,0,10,0,0,0,0,0
P06,Sant Tukaram Nagar,8,0,10,0,0,0,0,0
P06,Sant Tukaram Nagar,9,0,10,0,0,0,0,0
P06,Sant Tukaram Nagar,10,0,10,0,0,0,0,0
P06,Sant Tukaram Nagar,11,0,10,0,0,0,0,0
P06,Sant Tukaram Nagar,12,0,10,0,0,0,0,0
P06,Sant Tukaram Nagar,13,0,10,0,0,0,0,0
P06,Sant Tukaram Nagar,14,0,4,0,0,0,0,0
P06,Sant Tukaram Nagar,15,0,0,0,0,0,0,0
P07,Nashik Phata,6,0,6,0,0,0,0,0
P07,Nashik Phata,7,0,10,0,0,0,0,0
P07,Nashik Phata,8,0,10,0,0,0,0,0
P07,Nashik Phata,9,0,10,0,0,0,0,0
P07,Nashik Phata,10,0,10,0,0,0,0,0
P07,Nashik Phata,11,0,10,0,0,0,0,0
P07,Nashik Phata,12,0,10,0,0,0,0,0
P07,Nashik Phata,13,0,10,0,0,0,0,0
P07,Nashik Phata,14,0,5,0,0,0,0,0
P07,Nashik Phata,15,0,0,0,0,0,0,0
P07,Nashik Phata,6,0,6,0,0,0,0,0
P07,Nashik Phata,7,0,10,0,0,0,0,0
P07,Nashik Phata,8,0,10,0,0,0,0,0
P07,Nashik Phata,9,0,10,0,0,0,0,0
P07,Nashik Phata,10,0,10,0,0,0,0,0
P07,Nashik Phata,11,0,10,0,0,0,0,0
P07,Nashik Phata,12,0,10,0,0,0,0,0
P07,Nashik Phata,13,0,10,0,0,0,0,0
P07,Nashik Phata,14,0,5,0,0,0,0,0
P07,Nashik Phata,15,0,0,0,0,0,0,0
P08,Kasarwadi,6,0,6,0,0,0,0,0
P08,Kasarwadi,7,0,10,0,0,0,0,0
P08,Kasarwadi,8,0,10,0,0,0,0,0
P08,Kasarwadi,9,0,10,0,0,0,0,0
P08,Kasarwadi,10,0,10,0,0,0,0,0
P08,Kasarwadi,11,0,10,0,0,0,0,0
P08,Kasarwadi,12,0,10,0,0,0,0,0
P08,Kasarwadi,13,0,10,0,0,0,0,0
P08,Kasarwadi,14,0,5,0,0,0,0,0
P08,Kasarwadi,15,0,0,0,0,0,0,0
P08,Kasarwadi,6,0,6,0,0,0,0,0
P08,Kasarwadi,7,0,10,0,0,0,0,0
P08,Kasarwadi,8,0,10,0,0,0,0,0
P08,Kasarwadi,9,0,10,0,0,0,0,0
P08,Kasarwadi,10,0,10,0,0,0,0,0
P08,Kasarwadi,11,0,10,0,0,0,0,0
P08,Kasarwadi,12,0,10,0,0,0,0,0
P08,Kasarwadi,13,0,10,0,0,0,0,0
P08,Kasarwadi,14,0,5,0,0,0,0,0
P08,Kasarwadi,15,0,0,0,0,0,0,0
P09,Phugewadi,6,0,5,0,0,0,0,0
P09,Phugewadi,7,0,10,0,0,0,0,0
P09,Phugewadi,8,0,10,0,0,0,0,0
P09,Phugewadi,9,0,10,0,0,0,0,0
P09,Phugewadi,10,0,10,0,0,0,0,0
P09,Phugewadi,11,0,10,0,0,0,0,0
P09,Phugewadi,12,0,10,0,0,0,0,0
P09,Phugewadi,13,0,10,0,0,0,0,0
P09,Phugewadi,14,0,6,0,0,0,0,0
P09,Phugewadi,15,0,0,0,0,0,0,0
P09,Phugewadi,6,0,5,0,0,0,0,0
P09,Phugewadi,7,0,10,0,0,0,0,0
P09,Phugewadi,8,0,10,0,0,0,0,0
P09,Phugewadi,9,0,10,0,0,0,0,0
P09,Phugewadi,10,0,10,0,0,0,0,0
P09,Phugewadi,11,0,10,0,0,0,0,0
P09,Phugewadi,12,0,10,0,0,0,0,0
P09,Phugewadi,13,0,10,0,0,0,0,0
P09,Phugewadi,14,0,6,0,0,0,0,0
P09,Phugewadi,15,0,0,0,0,0,0,0
P10,Dapodi,6,0,4,0,0,0,0,0
P10,Dapodi,7,0,10,0,0,0,0,0
P10,Dapodi,8,0,10,0,0,0,0,0
P10,Dapodi,9,0,10,0,0,0,0,0
P10,Dapodi,10,0,10,0,0,0,0,0
P10,Dapodi,11,0,10,0,0,0,0,0
P10,Dapodi,12,0,10,0,0,0,0,0
P10,Dapodi,13,0,10,0,0,0,0,0
P10,Dapodi,14,0,7,0,0,0,0,0
P10,Dapodi,15,0,0,0,0,0,0,0
P10,Dapodi,6,0,4,0,0,0,0,0
P10,Dapodi,7,0,10,0,0,0,0,0
P10,Dapodi,8,0,10,0,0,0,0,0
P10,Dapodi,9,0,10,0,0,0,0,0
P10,Dapodi,10,0,10,0,0,0,0,0
P10,Dapodi,11,0,10,0,0,0,0,0
P10,Dapodi,12,0,10,0,0,0,0,0
P10,Dapodi,13,0,10,0,0,0,0,0
P10,Dapodi,14,0,7,0,0,0,0,0
P10,Dapodi,15,0,0,0,0,0,0,0
P11,Bopodi,6,0,4,0,0,0,0,0
P11,Bopodi,7,0,10,0,0,0,0,0
P11,Bopodi,8,0,10,0,0,0,0,0
P11,Bopodi,9,0,10,0,0,0,0,0
P11,Bopodi,10,0,10,0,0,0,0,0
P11,Bopodi,11,0,10,0,0,0,0,0
P11,Bopodi,12,0,10,0,0,0,0,0
P11,Bopodi,13,0,10,0,0,0,0,0
P11,Bopodi,14,0,7,0,0,0,0,0
P11,Bopodi,15,0,0,0,0,0,0,0
P11,Bopodi,6,0,4,0,0,0,0,0
P11,Bopodi,7,0,10,0,0,0,0,0
P11,Bopodi,8,0,10,0,0,0,0,0
P11,Bopodi,9,0,10,0,0,0,0,0
P11,Bopodi,10,0,10,0,0,0,0,0
P11,Bopodi,11,0,10,0,0,0,0,0
P11,Bopodi,12,0,10,0,0,0,0,0
P11,Bopodi,13,0,10,0,0,0,0,0
P11,Bopodi,14,0,7,0,0,0,0,0
P11,Bopodi,15,0,0,0,0,0,0,0
P12,Khadki,6,0,3,0,0,0,0,0
P12,Khadki,7,0,10,0,0,0,0,0
P12,Khadki,8,0,10,0,0,0,0,0
P12,Khadki,9,0,10,0,0,0,0,0
P12,Khadki,10,0,10,0,0,0,0,0
P12,Khadki,11,0,10,0,0,0,0,0
P12,Khadki,12,0,10,0,0,0,0,0
P12,Khadki,13,0,10,0,0,0,0,0
P12,Khadki,14,0,8,0,0,0,0,0
P12,Khadki,15,0,0,0,0,0,0,0
P12,Khadki,6,0,3,0,0,0,0,0
P12,Khadki,7,0,10,0,0,0,0,0
P12,Khadki,8,0,10,0,0,0,0,0
P12,Khadki,9,0,10,0,0,0,0,0
P12,Khadki,10,0,10,0,0,0,0,0
P12,Khadki,11,0,10,0,0,0,0,0
P12,Khadki,12,0,10,0,0,0,0,0
P12,Khadki,13,0,10,0,0,0,0,0
P12,Khadki,14,0,8,0,0,0,0,0
P12,Khadki,15,0,0,0,0,0,0,0
P13,Range Hills,6,0,2,0,0,0,0,0
P13,Range Hills,7,0,10,0,0,0,0,0
P13,Range Hills,8,0,10,0,0,0,0,0
P13,Range Hills,9,0,10,0,0,0,0,0
P13,Range Hills,10,0,10,0,0,0,0,0
P13,Range Hills,11,0,10,0,0,0,0,0
P13,Range Hills,12,0,10,0,0,0,0,0
P13,Range Hills,13,0,10,0,0,0,0,0
P13,Range Hills,14,0,9,0,0,0,0,0
P13,Range Hills,15,0,0,0,0,0,0,0
P13,Range Hills,6,0,2,0,0,0,0,0
P13,Range Hills,7,0,10,0,0,0,0,0
P13,Range Hills,8,0,10,0,0,0,0,0
P13,Range Hills,9,0,10,0,0,0,0,0
P13,Range Hills,10,0,10,0,0,0,0,0
P13,Range Hills,11,0,10,0,0,0,0,0
P13,Range Hills,12,0,10,0,0,0,0,0
P13,Range Hills,13,0,10,0,0,0,0,0
P13,Range Hills,14,0,9,0,0,0,0,0
P13,Range Hills,15,0,0,0,0,0,0,0
P14,Shivaji Nagar,6,1,2,0,0,0,0,0
P14,Shivaji Nagar,7,1,20,0,0,0,0,0
P14,Shivaji Nagar,8,1,20,0,0,0,0,0
P14,Shivaji Nagar,9,1,20,0,0,0,0,0
P14,Shivaji Nagar,10,1,20,0,0,0,0,0
P14,Shivaji Nagar,11,1,20,0,0,0,0,0
P14,Shivaji Nagar,12,1,20,0,0,0,0,0
P14,Shivaji Nagar,13,1,20,0,0,0,0,0
P14,Shivaji Nagar,14,1,19,0,0,0,0,0
P14,Shivaji Nagar,15,1,1,0,0,0,0,0
P14,Shivaji Nagar,6,1,2,0,0,0,0,0
P14,Shivaji Nagar,7,1,20,0,0,0,0,0
P14,Shivaji Nagar,8,1,20,0,0,0,0,0
P14,Shivaji Nagar,9,1,20,0,0,0,0,0
P14,Shivaji Nagar,10,1,20,0,0,0,0,0
P14,Shivaji Nagar,11,1,20,0,0,0,0,0
P14,Shivaji Nagar,12,1,20,0,0,0,0,0
P14,Shivaji Nagar,13,1,20,0,0,0,0,0
P14,Shivaji Nagar,14,1,19,0,0,0,0,0
P14,Shivaji Nagar,15,1,1,0,0,0,0,0
P14,Shivaji Nagar,6,1,2,0,0,0,0,0
P14,Shivaji Nagar,7,1,20,0,0,0,0,0
P14,Shivaji Nagar,8,1,20,0,0,0,0,0
P14,Shivaji Nagar,9,1,20,0,0,0,0,0
P14,Shivaji Nagar,10,1,20,0,0,0,0,0
P14,Shivaji Nagar,11,1,20,0,0,0,0,0
P14,Shivaji Nagar,12,1,20,0,0,0,0,0
P14,Shivaji Nagar,13,1,20,0,0,0,0,0
P14,Shivaji Nagar,14,1,19,0,0,0,0,0
P14,Shivaji Nagar,15,1,1,0,0,0,0,0
P15,District Court (Civil Court),6,1,0,0,0,0,0,0
P15,District Court (Civil Court),7,1,0,0,0,0,0,0
P15,District Court (Civil Court),8,1,0,7,0,0,2,0
P15,District Court (Civil Court),9,1,0,1,1,0,1,0
P15,District Court (Civil Court),10,1,0,0,1,0,0,0
P15,District Court (Civil Court),11,1,0,0,0,0,0,0
P15,District Court (Civil Court),12,1,0,0,0,0,0,0
P15,District Court (Civil Court),13,1,0,0,0,0,0,0
P15,District Court (Civil Court),14,1,0,0,0,0,0,0
P15,District Court (Civil Court),15,1,0,0,0,0,0,0
P15,District Court (Civil Court),6,1,0,0,0,0,0,0
P15,District Court (Civil Court),7,1,0,0,0,0,0,0
P15,District Court (Civil Court),8,1,0,7,0,0,2,0
P15,District Court (Civil Court),9,1,0,1,1,0,1,0
P15,District Court (Civil Court),10,1,0,0,1,0,0,0
P15,District Court (Civil Court),11,1,0,0,0,0,0,0
P15,District Court (Civil Court),12,1,0,0,0,0,0,0
P15,District Court (Civil Court),13,1,0,0,0,0,0,0
P15,District Court (Civil Court),14,1,0,0,0,0,0,0
P15,District Court (Civil Court),15,1,0,0,0,0,0,0
P15,District Court (Civil Court),6,1,0,0,0,0,0,0
P15,District Court (Civil Court),7,1,0,0,0,0,0,0
P15,District Court (Civil Court),8,1,0,7,0,0,2,0
P15,District Court (Civil Court),9,1,0,1,1,0,1,0
P15,District Court (Civil Court),10,1,0,0,1,0,0,0
P15,District Court (Civil Court),11,1,0,0,0,0,0,0
P15,District Court (Civil Court),12,1,0,0,0,0,0,0
P15,District Court (Civil Court),13,1,0,0,0,0,0,0
P15,District Court (Civil Court),14,1,0,0,0,0,0,0
P15,District Court (Civil Court),15,1,0,0,0,0,0,0
P16,Kasba Peth,6,0,1,0,0,0,0,0
P16,Kasba Peth,7,0,10,0,0,0,0,0
P16,Kasba Peth,8,0,10,0,0,0,0,0
P16,Kasba Peth,9,0,10,0,0,0,0,0
P16,Kasba Peth,10,0,10,0,0,0,0,0
P16,Kasba Peth,11,0,10,0,0,0,0,0
P16,Kasba Peth,12,0,10,0,0,0,0,0
P16,Kasba Peth,13,0,10,0,0,0,0,0
P16,Kasba Peth,14,0,10,0,0,0,0,0
P16,Kasba Peth,15,0,0,0,0,0,0,0
P16,Kasba Peth,6,0,1,0,0,0,0,0
P16,Kasba Peth,7,0,10,0,0,0,0,0
P16,Kasba Peth,8,0,10,0,0,0,0,0
P16,Kasba Peth,9,0,10,0,0,0,0,0
P16,Kasba Peth,10,0,10,0,0,0,0,0
P16,Kasba Peth,11,0,10,0,0,0,0,0
P16,Kasba Peth,12,0,10,0,0,0,0,0
P16,Kasba Peth,13,0,10,0,0,0,0,0
P16,Kasba Peth,14,0,10,0,0,0,0,0
P16,Kasba Peth,15,0,0,0,0,0,0,0
P17,Mandai,6,0,0,0,0,0,0,0
P17,Mandai,7,0,10,0,0,0,0,0
P17,Mandai,8,0,10,0,0,0,0,0
P17,Mandai,9,0,10,0,0,0,0,0
P17,Mandai,10,0,10,0,0,0,0,0
P17,Mandai,11,0,10,0,0,0,0,0
P17,Mandai,12,0,10,0,0,0,0,0
P17,Mandai,13,0,10,0,0,0,0,0
P17,Mandai,14,0,10,0,0,0,0,0
P17,Mandai,15,0,1,0,0,0,0,0
P17,Mandai,6,0,0,0,0,0,0,0
P17,Mandai,7,0,10,0,0,0,0,0
P17,Mandai,8,0,10,0,0,0,0,0
P17,Mandai,9,0,10,0,0,0,0,0
P17,Mandai,10,0,10,0,0,0,0,0
P17,Mandai,11,0,10,0,0,0,0,0
P17,Mandai,12,0,10,0,0,0,0,0
P17,Mandai,13,0,10,0,0,0,0,0
P17,Mandai,14,0,10,0,0,0,0,0
P17,Mandai,15,0,1,0,0,0,0,0
P18,Swargate,6,0,0,0,0,0,0,0
P18,Swargate,7,0,9,0,0,0,0,0
P18,Swargate,8,0,10,0,0,0,0,0
P18,Swargate,9,0,10,0,0,0,0,0
P18,Swargate,10,0,10,0,0,0,0,0
P18,Swargate,11,0,10,0,0,0,0,0
P18,Swargate,12,0,10,0,0,0,0,0
P18,Swargate,13,0,10,0,0,0,0,0
P18,Swargate,14,0,10,0,0,0,0,0
P18,Swargate,15,0,2,0,0,0,0,0
P18,Swargate,6,0,0,0,0,0,0,0
P18,Swargate,7,0,9,0,0,0,0,0
P18,Swargate,8,0,10,0,0,0,0,0
P18,Swargate,9,0,10,0,0,0,0,0
P18,Swargate,10,0,10,0,0,0,0,0
P18,Swargate,11,0,10,0,0,0,0,0
P18,Swargate,12,0,10,0,0,0,0,0
P18,Swargate,13,0,10,0,0,0,0,0
P18,Swargate,14,0,10,0,0,0,0,0
P18,Swargate,15,0,2,0,0,0,0,0
P19,Market Yard,6,0,0,0,0,0,0,0
P19,Market Yard,7,0,9,0,0,0,0,0
P19,Market Yard,8,0,10,0,0,0,0,0
P19,Market Yard,9,0,10,0,0,0,0,0
P19,Market Yard,10,0,10,0,0,0,0,0
P19,Market Yard,11,0,10,0,0,0,0,0
P19,Market Yard,12,0,10,0,0,0,0,0
P19,Market Yard,13,0,10,0,0,0,0,0
P19,Market Yard,14,0,10,0,0,0,0,0
P19,Market Yard,15,0,2,0,0,0,0,0
P19,Market Yard,6,0,0,0,0,0,0,0
P19,Market Yard,7,0,9,0,0,0,0,0
P19,Market Yard,8,0,10,0,0,0,0,0
P19,Market Yard,9,0,10,0,0,0,0,0
P19,Market Yard,10,0,10,0,0,0,0,0
P19,Market Yard,11,0,10,0,0,0,0,0
P19,Market Yard,12,0,10,0,0,0,0,0
P19,Market Yard,13,0,10,0,0,0,0,0
P19,Market Yard,14,0,10,0,0,0,0,0
P19,Market Yard,15,0,2,0,0,0,0,0
P20,Bibwewadi,6,0,0,0,0,0,0,0
P20,Bibwewadi,7,0,8,0,0,0,0,0
P20,Bibwewadi,8,0,10,0,0,0,0,0
P20,Bibwewadi,9,0,10,0,0,0,0,0
P20,Bibwewadi,10,0,10,0,0,0,0,0
P20,Bibwewadi,11,0,10,0,0,0,0,0
P20,Bibwewadi,12,0,10,0,0,0,0,0
P20,Bibwewadi,13,0,10,0,0,0,0,0
P20,Bibwewadi,14,0,10,0,0,0,0,0
P20,Bibwewadi,15,0,3,0,0,0,0,0
P20,Bibwewadi,6,0,0,0,0,0,0,0
P20,Bibwewadi,7,0,8,0,0,0,0,0
P20,Bibwewadi,8,0,10,0,0,0,0,0
P20,Bibwewadi,9,0,10,0,0,0,0,0
P20,Bibwewadi,10,0,10,0,0,0,0,0
P20,Bibwewadi,11,0,10,0,0,0,0,0
P20,Bibwewadi,12,0,10,0,0,0,0,0
P20,Bibwewadi,13,0,10,0,0,0,0,0
P20,Bibwewadi,14,0,10,0,0,0,0,0
P20,Bibwewadi,15,0,3,0,0,0,0,0
P21,Padmavati,6,0,0,0,0,0,0,0
P21,Padmavati,7,0,7,0,0,0,0,0
P21,Padmavati,8,0,10,0,0,0,0,0
P21,Padmavati,9,0,10,0,0,0,0,0
P21,Padmavati,10,0,10,0,0,0,0,0
P21,Padmavati,11,0,10,0,0,0,0,0
P21,Padmavati,12,0,10,0,0,0,0,0
P21,Padmavati,13,0,10,0,0,0,0,0
P21,Padmavati,14,0,10,0,0,0,0,0
P21,Padmavati,15,0,4,0,0,0,0,0
P21,Padmavati,6,0,0,0,0,0,0,0
P21,Padmavati,7,0,7,0,0,0,0,0
P21,Padmavati,8,0,10,0,0,0,0,0
P21,Padmavati,9,0,10,0,0,0,0,0
P21,Padmavati,10,0,10,0,0,0,0,0
P21,Padmavati,11,0,10,0,0,0,0,0
P21,Padmavati,12,0,10,0,0,0,0,0
P21,Padmavati,13,0,10,0,0,0,0,0
P21,Padmavati,14,0,10,0,0,0,0,0
P21,Padmavati,15,0,4,0,0,0,0,0
P22,Balaji Nagar,6,0,0,0,0,0,0,0
P22,Balaji Nagar,7,0,7,0,0,0,0,0
P22,Balaji Nagar,8,0,10,0,0,0,0,0
P22,Balaji Nagar,9,0,10,0,0,0,0,0
P22,Balaji Nagar,10,0,10,0,0,0,0,0
P22,Balaji Nagar,11,0,10,0,0,0,0,0
P22,Balaji Nagar,12,0,10,0,0,0,0,0
P22,Balaji Nagar,13,0,10,0,0,0,0,0
P22,Balaji Nagar,14,0,10,0,0,0,0,0
P22,Balaji Nagar,15,0,4,0,0,0,0,0
P22,Balaji Nagar,6,0,0,0,0,0,0,0
P22,Balaji Nagar,7,0,7,0,0,0,0,0
P22,Balaji Nagar,8,0,10,0,0,0,0,0
P22,Balaji Nagar,9,0,10,0,0,0,0,0
P22,Balaji Nagar,10,0,10,0,0,0,0,0
P22,Balaji Nagar,11,0,10,0,0,0,0,0
P22,Balaji Nagar,12,0,10,0,0,0,0,0
P22,Balaji Nagar,13,0,10,0,0,0,0,0
P22,Balaji Nagar,14,0,10,0,0,0,0,0
P22,Balaji Nagar,15,0,4,0,0,0,0,0
P23,Katraj,6,0,0,0,0,0,0,0
P23,Katraj,7,0,6,0,0,0,0,0
P23,Katraj,8,0,10,0,0,0,0,0
P23,Katraj,9,0,10,0,0,0,0,0
P23,Katraj,10,0,10,0,0,0,0,0
P23,Katraj,11,0,10,0,0,0,0,0
P23,Katraj,12,0,10,0,0,0,0,0
P23,Katraj,13,0,10,0,0,0,0,0
P23,Katraj,14,0,10,0,0,0,0,0
P23,Katraj,15,0,5,0,0,0,0,0
